province,pull_municipal_city,cons_name,harmonized_nsu_unit,corrected_unit,n,n_units,k_pooled,k_best_single_unit,k_inflated_by_pooling,n_shared_labels,within_label_ratio,vendors_disjoint,unit_med_ratio_UNFAIR,grp_purity_by_unit,grp_purity_by_label,n_min_unit,units
ILOILO,ALIMODIAN,carrot,pieces or units,1.0,11,2,3,3,0,3,5.13,1,3.25,0.727,0.636,3,"bilog:n8,med195 | binilog:n3,med60"
CAPIZ,DUMARAO,cabbage,pack,1.0,5,2,3,3,0,1,4.06,1,1.1363636363636365,0.8,0.8,2,"pack:n2,med88 | packs:n3,med77"
ILOILO,BADIANGAN,"ice cream, sorbet, edible ice (eg., ice-lolli, halo-halo)",small cup,1.0,3,2,1,1,0,1,2.5,1,2.5,0.667,1.0,1,"gamay nga cup:n1,med35 | gmay nga cup:n2,med88"
NEGROS OCCIDENTAL,ILOG,"ice cream, sorbet, edible ice (eg., ice-lolli, halo-halo)",small cup,1.0,5,2,1,1,0,1,1.88,1,1.875,0.6,1.0,2,"gamay na tasa:n2,med188 | gamay nga cup:n3,med100"
ILOILO,CONCEPCION,"ice cream, sorbet, edible ice (eg., ice-lolli, halo-halo)",pieces or units,2.0,2,2,1,1,0,1,1.83,1,1.8333333333333333,0.5,1.0,1,"bilog:n1,med60 | pieces or units:n1,med110"
ILOILO,CARLES,"ice cream, sorbet, edible ice (eg., ice-lolli, halo-halo)",small cup,1.0,8,2,3,3,0,1,1.75,1,1.5350877192982457,0.75,0.625,2,"gamay nga cup:n2,med88 | gmay nga cup:n6,med57"
ILOILO,LAMBUNAO,cabbage,pieces or units,1.0,17,2,3,3,0,1,1.68,1,3.0121951219512195,0.824,0.765,3,"bilog:n14,med618 | binilog:n3,med205"
ILOILO,DUEAS,loaf bread,small packs,1.0,8,2,1,1,0,1,1.64,1,1.6363636363636365,0.5,1.0,4,"gagmay nga putos:n4,med220 | small:n4,med360"
ILOILO,DUEAS,loaf bread,large packs,1.0,8,2,1,1,0,1,1.56,1,1.5555555555555556,0.625,1.0,3,"dalagku nga putos:n3,med450 | large:n5,med700"
ILOILO,TIGBAUAN,"ice cream, sorbet, edible ice (eg., ice-lolli, halo-halo)",pieces or units,1.0,9,2,3,3,0,2,1.5,1,1.24,0.778,0.778,2,"bilog:n7,med50 | pieces or units:n2,med62"
ILOILO,LAMBUNAO,carrot,pieces or units,1.0,20,2,3,3,0,1,1.42,1,1.0384615384615385,0.85,0.8,3,"bilog:n17,med130 | binilog:n3,med135"
ILOILO,DUMANGAS,"ice cream, sorbet, edible ice (eg., ice-lolli, halo-halo)",pieces or units,2.0,4,2,1,1,0,1,1.34,1,1.3440860215053763,0.5,1.0,2,"bilog:n2,med62 | piraso:n2,med46"
ILOILO,BALASAN,carrot,pieces or units,1.0,13,2,3,3,0,3,1.33,1,1.0357142857142858,0.692,1.0,4,"bilog:n9,med145 | pieces or units:n4,med140"
ILOILO,TIGBAUAN,"ice cream, sorbet, edible ice (eg., ice-lolli, halo-halo)",pieces or units,2.0,2,2,1,1,0,1,1.29,1,1.2941176470588236,0.5,1.0,1,"bilog:n1,med110 | pieces or units:n1,med85"
CAPIZ,MAMBUSAO,loaf bread,large packs,1.0,9,2,2,2,0,1,1.2,1,1.12,0.889,1.0,1,"dalagku nga putos:n8,med500 | large:n1,med560"
ILOILO,MAASIN,"ice cream, sorbet, edible ice (eg., ice-lolli, halo-halo)",small cup,1.0,4,2,2,2,0,2,1.19,1,1.1604938271604939,0.5,1.0,2,"gamay nga cup:n2,med202 | gmay nga cup:n2,med235"
CAPIZ,JAMINDAN,cabbage,pieces or units,1.0,10,2,3,3,0,3,1.18,1,1.1506849315068493,0.7,0.9,3,"bilog:n7,med840 | binilog:n3,med730"
ILOILO,JANIUAY,chicken,whole (chicken),1.0,9,2,3,2,1,1,1.15,1,1.0548926014319808,0.667,0.667,4,"whole:n4,med1048 | whole (chicken):n5,med1105"
ILOILO,CARLES,chicken,whole (chicken),1.0,10,2,3,3,0,3,1.13,1,1.0299145299145298,0.7,0.8,3,"whole (chicken):n3,med1170 | whole chicken:n7,med1205"
ILOILO,CABATUAN,loaf bread,medium packs,1.0,4,2,1,1,0,1,1.13,1,1.12565445026178,0.5,1.0,2,"medium:n2,med478 | medium packs:n2,med538"
ILOILO,GUIMBAL,loaf bread,medium packs,1.0,5,2,1,1,0,1,1.11,1,1.1111111111111112,0.6,1.0,2,"medium:n3,med475 | medium nga putos:n2,med428"
ILOILO,BAROTAC VIEJO,"crackers, cookies, buiscuits, chips/curls",pieces or units,1.0,5,2,2,2,0,1,1.1,1,1.0980392156862746,0.8,0.6,2,"bilog:n2,med26 | pieces or units:n3,med28"
ILOILO,TUBUNGAN,"ice cream, sorbet, edible ice (eg., ice-lolli, halo-halo)",pieces or units,2.0,9,2,2,2,0,1,1.1,1,1.1,0.889,0.889,1,"bilog:n8,med110 | binilog:n1,med100"
ANTIQUE,HAMTIC,loaf bread,large packs,1.0,6,2,1,1,0,1,1.06,1,1.0625,0.667,1.0,2,"large:n2,med680 | large packs:n4,med640"
ILOILO,SAN RAFAEL,loaf bread,large packs,1.0,3,2,1,1,0,1,1.06,1,1.0588235294117647,0.667,1.0,1,"dalagku nga putos:n1,med675 | large:n2,med638"
ILOILO,CABATUAN,loaf bread,large packs,1.0,6,2,1,1,0,1,1.04,1,1.037037037037037,0.833,1.0,1,"dalagku nga putos:n1,med700 | large:n5,med675"
ILOILO,GUIMBAL,loaf bread,large packs,1.0,7,2,1,1,0,1,1.04,1,1.0390625,0.571,1.0,3,"daragkul nga putos:n4,med640 | large:n3,med665"
ILOILO,BADIANGAN,"crackers, cookies, buiscuits, chips/curls",pieces or units,1.0,5,2,1,1,0,1,1.03,1,1.0333333333333334,0.6,1.0,2,"bilog:n2,med31 | pieces or units:n3,med30"
ILOILO,CABATUAN,loaf bread,small packs,1.0,4,2,1,1,0,1,1.03,1,1.0268456375838926,0.5,1.0,2,"gagmay nga putos:n2,med372 | small:n2,med382"
ILOILO,CARLES,loaf bread,large packs,1.0,5,2,3,3,0,1,1.02,1,1.2,0.8,0.8,1,"dalagku nga putos:n1,med630 | large:n4,med525"
ILOILO,AJUY,loaf bread,large packs,1.0,2,2,1,1,0,1,1.01,1,1.0084033613445378,0.5,1.0,1,"dalagku nga putos:n1,med595 | large:n1,med600"
CAPIZ,CUARTERO,loaf bread,large packs,1.0,5,2,1,1,0,1,1.0,1,1.0,0.8,1.0,1,"dalagku nga putos:n1,med640 | large:n4,med640"
ANTIQUE,HAMTIC,"ice cream, sorbet, edible ice (eg., ice-lolli, halo-halo)",small cup,2.0,3,2,1,1,0,1,1.0,1,1.0,0.667,1.0,1,"gamay nga cup:n2,med100 | gmay nga cup:n1,med100"
ILOILO,TIGBAUAN,loaf bread,large packs,1.0,8,2,3,3,0,1,1.0,1,1.0268199233716475,0.75,0.75,2,"dalagku nga putos:n6,med652 | large:n2,med670"
ILOILO,TIGBAUAN,"ice cream, sorbet, edible ice (eg., ice-lolli, halo-halo)",small cup,1.0,3,2,2,2,0,1,1.0,1,1.2142857142857142,0.667,1.0,1,"gamay nga cup:n2,med60 | small cup:n1,med49"
NEGROS OCCIDENTAL,HINOBA-AN (ASIA),loaf bread,large packs,1.0,6,2,1,1,0,1,1.0,1,1.0,0.5,1.0,3,"dagko nga pakete:n3,med640 | large:n3,med640"
NEGROS OCCIDENTAL,HINOBA-AN (ASIA),loaf bread,medium packs,1.0,6,2,1,1,0,1,1.0,1,1.0,0.667,1.0,2,"medium:n4,med450 | medium nga pakete:n2,med450"
ILOILO,LEMERY,fresh fish,pack,1.0,2,2,2,1,1,0,,1,1.6523605150214593,1.0,1.0,1,"fish sold per pack 90 each pack:n1,med466 | pack:n1,med770"
ILOILO,MINA,"liquor (e.g, whisky, coconut wine)",lipid/lapad,2.0,5,2,2,1,1,0,,1,1.0,0.8,0.8,1,"lapad:n4,med375 | lipid / lapad:n1,med375"
