province,pull_municipal_city,cons_name,harmonized_nsu_unit,corrected_unit,n_units_in_MS,n_weighings,n_min,med_lo,med_hi,med_ratio,branches,detail
ILOILO,ALIMODIAN,carrot,pieces or units,g,2,11,3,60.0,195.0,3.25,size-based,bilog: 195 (n=8); binilog: 60 (n=3)
ILOILO,LAMBUNAO,cabbage,pieces or units,g,2,17,3,205.0,617.5,3.0121951219512195,size-based,bilog: 618 (n=14); binilog: 205 (n=3)
ILOILO,BADIANGAN,"ice cream, sorbet, edible ice (eg., ice-lolli, halo-halo)",small cup,g,2,3,1,35.0,87.5,2.5,size-based,gamay nga cup: 35 (n=1); gmay nga cup: 88 (n=2)
NEGROS OCCIDENTAL,VALLADOLID,cabbage,pieces or units,g,2,6,3,325.0,780.0,2.4,price-quantity,bilog: 325 (n=3); pieces or units: 780 (n=3)
NEGROS OCCIDENTAL,ILOG,"ice cream, sorbet, edible ice (eg., ice-lolli, halo-halo)",small cup,g,2,5,2,100.0,187.5,1.875,size-based,gamay na tasa: 188 (n=2); gamay nga cup: 100 (n=3)
ILOILO,CONCEPCION,"ice cream, sorbet, edible ice (eg., ice-lolli, halo-halo)",pieces or units,mL,2,2,1,60.0,110.0,1.8333333333333333,size-based,bilog: 60 (n=1); pieces or units: 110 (n=1)
ILOILO,AJUY,cabbage,pack,g,2,2,1,79.0,135.0,1.7088607594936709,price-quantity,pack: 79 (n=1); shredded cabbage(pack): 135 (n=1)
ILOILO,LEMERY,fresh fish,pack,g,2,2,1,466.0,770.0,1.6523605150214593,size-based,fish sold per pack 90 each pack: 466 (n=1); pack: 770 (n=1)
ILOILO,DUEAS,loaf bread,small packs,g,2,8,4,220.0,360.0,1.6363636363636365,size-based,gagmay nga putos: 220 (n=4); small: 360 (n=4)
NEGROS OCCIDENTAL,VALLADOLID,carrot,pieces or units,g,2,6,3,95.0,150.0,1.5789473684210527,price-quantity,bilog: 150 (n=3); pieces or units: 95 (n=3)
ILOILO,DUEAS,loaf bread,large packs,g,2,8,3,450.0,700.0,1.5555555555555556,size-based,dalagku nga putos: 450 (n=3); large: 700 (n=5)
ILOILO,CARLES,"ice cream, sorbet, edible ice (eg., ice-lolli, halo-halo)",small cup,g,2,8,2,57.0,87.5,1.5350877192982457,size-based,gamay nga cup: 88 (n=2); gmay nga cup: 57 (n=6)
ILOILO,DUMANGAS,"ice cream, sorbet, edible ice (eg., ice-lolli, halo-halo)",pieces or units,mL,2,4,2,46.5,62.5,1.3440860215053763,size-based,bilog: 62 (n=2); piraso: 46 (n=2)
ILOILO,TIGBAUAN,"ice cream, sorbet, edible ice (eg., ice-lolli, halo-halo)",pieces or units,mL,2,2,1,85.0,110.0,1.2941176470588236,size-based,bilog: 110 (n=1); pieces or units: 85 (n=1)
ILOILO,TIGBAUAN,"ice cream, sorbet, edible ice (eg., ice-lolli, halo-halo)",pieces or units,g,2,9,2,50.0,62.0,1.24,size-based,bilog: 50 (n=7); pieces or units: 62 (n=2)
ILOILO,TIGBAUAN,"ice cream, sorbet, edible ice (eg., ice-lolli, halo-halo)",small cup,g,2,3,1,49.0,59.5,1.2142857142857142,size-based,gamay nga cup: 60 (n=2); small cup: 49 (n=1)
ILOILO,CARLES,loaf bread,large packs,g,2,5,1,525.0,630.0,1.2,size-based,dalagku nga putos: 630 (n=1); large: 525 (n=4)
ILOILO,MAASIN,"ice cream, sorbet, edible ice (eg., ice-lolli, halo-halo)",small cup,g,2,4,2,202.5,235.0,1.1604938271604939,size-based,gamay nga cup: 202 (n=2); gmay nga cup: 235 (n=2)
CAPIZ,JAMINDAN,cabbage,pieces or units,g,2,10,3,730.0,840.0,1.1506849315068493,size-based,bilog: 840 (n=7); binilog: 730 (n=3)
CAPIZ,DUMARAO,cabbage,pack,g,2,5,2,77.0,87.5,1.1363636363636365,size-based,pack: 88 (n=2); packs: 77 (n=3)
ILOILO,CABATUAN,loaf bread,medium packs,g,2,4,2,477.5,537.5,1.12565445026178,size-based,medium: 478 (n=2); medium packs: 538 (n=2)
CAPIZ,MAMBUSAO,loaf bread,large packs,g,2,9,1,500.0,560.0,1.12,size-based,dalagku nga putos: 500 (n=8); large: 560 (n=1)
ILOILO,TIGBAUAN,carrot,pieces or units,g,2,13,4,110.0,122.5,1.1136363636363635,price-quantity/size-based,bilog: 110 (n=9); pieces or units: 122 (n=4)
ILOILO,GUIMBAL,loaf bread,medium packs,g,2,5,2,427.5,475.0,1.1111111111111112,size-based,medium: 475 (n=3); medium nga putos: 428 (n=2)
ILOILO,TUBUNGAN,"ice cream, sorbet, edible ice (eg., ice-lolli, halo-halo)",pieces or units,mL,2,9,1,100.0,110.0,1.1,size-based,bilog: 110 (n=8); binilog: 100 (n=1)
ILOILO,BAROTAC VIEJO,"crackers, cookies, buiscuits, chips/curls",pieces or units,g,2,5,2,25.5,28.0,1.0980392156862746,size-based,bilog: 26 (n=2); pieces or units: 28 (n=3)
ANTIQUE,HAMTIC,loaf bread,large packs,g,2,6,2,640.0,680.0,1.0625,size-based,large: 680 (n=2); large packs: 640 (n=4)
ILOILO,SAN RAFAEL,loaf bread,large packs,g,2,3,1,637.5,675.0,1.0588235294117647,size-based,dalagku nga putos: 675 (n=1); large: 638 (n=2)
ILOILO,JANIUAY,chicken,whole (chicken),g,2,9,4,1047.5,1105.0,1.0548926014319808,size-based,whole: 1048 (n=4); whole (chicken): 1105 (n=5)
ILOILO,GUIMBAL,loaf bread,large packs,g,2,7,3,640.0,665.0,1.0390625,size-based,daragkul nga putos: 640 (n=4); large: 665 (n=3)
ILOILO,LAMBUNAO,carrot,pieces or units,g,2,20,3,130.0,135.0,1.0384615384615385,size-based,bilog: 130 (n=17); binilog: 135 (n=3)
ILOILO,CABATUAN,loaf bread,large packs,g,2,6,1,675.0,700.0,1.037037037037037,size-based,dalagku nga putos: 700 (n=1); large: 675 (n=5)
ILOILO,BALASAN,carrot,pieces or units,g,2,13,4,140.0,145.0,1.0357142857142858,size-based,bilog: 145 (n=9); pieces or units: 140 (n=4)
ILOILO,BADIANGAN,"crackers, cookies, buiscuits, chips/curls",pieces or units,g,2,5,2,30.0,31.0,1.0333333333333334,size-based,bilog: 31 (n=2); pieces or units: 30 (n=3)
ILOILO,CARLES,chicken,whole (chicken),g,2,10,3,1170.0,1205.0,1.0299145299145298,size-based,whole (chicken): 1170 (n=3); whole chicken: 1205 (n=7)
ILOILO,CABATUAN,loaf bread,small packs,g,2,4,2,372.5,382.5,1.0268456375838926,size-based,gagmay nga putos: 372 (n=2); small: 382 (n=2)
ILOILO,TIGBAUAN,loaf bread,large packs,g,2,8,2,652.5,670.0,1.0268199233716475,size-based,dalagku nga putos: 652 (n=6); large: 670 (n=2)
ILOILO,AJUY,loaf bread,large packs,g,2,2,1,595.0,600.0,1.0084033613445378,size-based,dalagku nga putos: 595 (n=1); large: 600 (n=1)
CAPIZ,CUARTERO,loaf bread,large packs,g,2,5,1,640.0,640.0,1.0,size-based,dalagku nga putos: 640 (n=1); large: 640 (n=4)
ANTIQUE,HAMTIC,"ice cream, sorbet, edible ice (eg., ice-lolli, halo-halo)",small cup,mL,2,3,1,100.0,100.0,1.0,size-based,gamay nga cup: 100 (n=2); gmay nga cup: 100 (n=1)
ILOILO,MINA,"liquor (e.g, whisky, coconut wine)",lipid/lapad,mL,2,5,1,375.0,375.0,1.0,size-based,lapad: 375 (n=4); lipid / lapad: 375 (n=1)
NEGROS OCCIDENTAL,HINOBA-AN (ASIA),loaf bread,large packs,g,2,6,3,640.0,640.0,1.0,size-based,dagko nga pakete: 640 (n=3); large: 640 (n=3)
NEGROS OCCIDENTAL,HINOBA-AN (ASIA),loaf bread,medium packs,g,2,6,2,450.0,450.0,1.0,size-based,medium: 450 (n=4); medium nga pakete: 450 (n=2)
