image_code,id,filename,seq
1777447762886,797,1777447762886.jpg,1
1774575064281,5406,1774575064281.jpg,2
1777423282182,862,1777423282182.jpg,3
1777083419074,2476,1777083419074.jpg,4
1773798921921,6137,1773798921921.jpg,5
1776822393755,10965,1776822393755.jpg,6
1773995638751,9685,1773995638751.jpg,7
1776824550467,11193,1776824550467.jpg,8
1777944747570,1013,1777944747570.jpg,9
1773796774872,9461,1773796774872.jpg,10
1778034809067,917,1778034809067.jpg,11
1773992274197,9688,1773992274197.jpg,12
1777948595873,323,1777948595873.jpg,13
1778895486631,6249,1778895486631.jpg,14
1776040289161,5175,1776040289161.jpg,15
1773803103151,5112,1773803103151.jpg,16
1778811481915,5486,1778811481915.jpg,17
1776827254483,3177,1776827254483.jpg,18
1774487681368,10159,1774487681368.jpg,19
1777254711693,939,1777254711693.jpg,20
1778204787227,105,1778204787227.jpg,21
1776664038742,2526,1776664038742.jpg,22
1777867916089,613,1777867916089.jpg,23
1774580368257,5417,1774580368257.jpg,24
1774421610417,7694,1774421610417.jpg,25
1774314777086,9381,1774314777086.jpg,26
1775873546893,8130,1775873546893.jpg,27
1776913164415,2071,1776913164415.jpg,28
1776302518046,2626,1776302518046.jpg,29
1776994655930,2451,1776994655930.jpg,30
1774048647575,6464,1774048647575.jpg,31
1776649758366,1727,1776649758366.jpg,32
1779157255515,2508,1779157255515.jpg,33
1777084903130,2477,1777084903130.jpg,34
1773997708682,9626,1773997708682.jpg,35
1773902971896,9550,1773902971896.jpg,36
1775870946406,4232,1775870946406.jpg,37
1778210891441,118,1778210891441.jpg,38
1776824898275,3147,1776824898275.jpg,39
1776300455732,2990,1776300455732.jpg,40
1778477131307,10037,1778477131307.jpg,41
1776825052293,3157,1776825052293.jpg,42
1773906229982,9596,1773906229982.jpg,43
1774053528900,6430,1774053528900.jpg,44
1773796034639,9466,1773796034639.jpg,45
1773797402365,10053,1773797402365.jpg,46
1773724826947,9424,1773724826947.jpg,47
1773799670502,6165,1773799670502.jpg,48
1773797422524,9657,1773797422524.jpg,49
1775874611009,5189,1775874611009.jpg,50
1778051558507,908,1778051558507.jpg,51
1773891283380,9847,1773891283380.jpg,52
1774326845021,6512,1774326845021.jpg,53
1778028816971,824,1778028816971.jpg,54
1777448667164,854,1777448667164.jpg,55
1778719053327,8529,1778719053327.jpg,56
1775787569138,3887,1775787569138.jpg,57
1776909770980,3161,1776909770980.jpg,58
1773731054952,9994,1773731054952.jpg,59
1778030672629,827,1778030672629.jpg,60
1776217696528,4736,1776217696528.jpg,61
1776302543943,2627,1776302543943.jpg,62
1777001240809,2492,1777001240809.jpg,63
1776827091594,3164,1776827091594.jpg,64
1776220345488,2692,1776220345488.jpg,65
1776918401916,2075,1776918401916.jpg,66
1777266085340,11054,1777266085340.jpg,67
1777598588927,603,1777598588927.jpg,68
1777082752314,1606,1777082752314.jpg,69
1773810007262,6202,1773810007262.jpg,70
1778206201155,82,1778206201155.jpg,71
1773969444958,7853,1773969444958.jpg,72
1773969942457,8978,1773969942457.jpg,73
1777426324259,1473,1777426324259.jpg,74
1773799244319,6097,1773799244319.jpg,75
1777448168057,801,1777448168057.jpg,76
1773969923664,8977,1773969923664.jpg,77
1775879036042,4843,1775879036042.jpg,78
1777078148145,1914,1777078148145.jpg,79
1773969483700,7854,1773969483700.jpg,80
1774061474372,9366,1774061474372.jpg,81
1773969164870,9471,1773969164870.jpg,82
1778725481233,8356,1778725481233.jpg,83
1774053469296,9325,1774053469296.jpg,84
1774424700422,7686,1774424700422.jpg,85
1773799243548,6548,1773799243548.jpg,86
1773880609490,9581,1773880609490.jpg,87
