seq,sheet,cell,status,id,filename,photo_path,img_sha16,seed
1,sheet_001.jpg,0,ok,10164,1774498316772.jpg,C:\Users\uzj5150\Box\Philippines Panel\01 Panel\14 NSU Market Survey\NSU Market Survey Launch\data\pictures/1774498316772.jpg,e08874d205b5a585,20260919
2,sheet_001.jpg,1,ok,10028,1773721624084.jpg,C:\Users\uzj5150\Box\Philippines Panel\01 Panel\14 NSU Market Survey\NSU Market Survey Launch\data\pictures/1773721624084.jpg,6a8935ea3f9ac665,20260919
3,sheet_001.jpg,2,ok,6736,1775537032728.jpg,C:\Users\uzj5150\Box\Philippines Panel\01 Panel\14 NSU Market Survey\NSU Market Survey Launch\data\pictures/1775537032728.jpg,cdb6da83e89cd257,20260919
4,sheet_001.jpg,3,ok,7625,1774422255907.jpg,C:\Users\uzj5150\Box\Philippines Panel\01 Panel\14 NSU Market Survey\NSU Market Survey Launch\data\pictures/1774422255907.jpg,75f4422408e20756,20260919
5,sheet_002.jpg,0,ok,2048,1776833924749.jpg,C:\Users\uzj5150\Box\Philippines Panel\01 Panel\14 NSU Market Survey\NSU Market Survey Launch\data\pictures/1776833924749.jpg,8fafaab4063672c3,20260919
6,sheet_002.jpg,1,ok,7576,1774419159052.jpg,C:\Users\uzj5150\Box\Philippines Panel\01 Panel\14 NSU Market Survey\NSU Market Survey Launch\data\pictures/1774419159052.jpg,d05c7a97f082a5d7,20260919
7,sheet_002.jpg,2,ok,2548,1776735202324.jpg,C:\Users\uzj5150\Box\Philippines Panel\01 Panel\14 NSU Market Survey\NSU Market Survey Launch\data\pictures/1776735202324.jpg,04c60eaff0485c88,20260919
8,sheet_002.jpg,3,ok,4940,1775610252743.jpg,C:\Users\uzj5150\Box\Philippines Panel\01 Panel\14 NSU Market Survey\NSU Market Survey Launch\data\pictures/1775610252743.jpg,82c10f66946aacd8,20260919
9,sheet_003.jpg,0,ok,4610,1776304644527.jpg,C:\Users\uzj5150\Box\Philippines Panel\01 Panel\14 NSU Market Survey\NSU Market Survey Launch\data\pictures/1776304644527.jpg,df537cccdccf1500,20260919
10,sheet_003.jpg,1,ok,2051,1776912496006.jpg,C:\Users\uzj5150\Box\Philippines Panel\01 Panel\14 NSU Market Survey\NSU Market Survey Launch\data\pictures/1776912496006.jpg,ca16f3e55504b251,20260919
11,sheet_003.jpg,2,ok,9654,1773968836824.jpg,C:\Users\uzj5150\Box\Philippines Panel\01 Panel\14 NSU Market Survey\NSU Market Survey Launch\data\pictures/1773968836824.jpg,00f267354b9feed0,20260919
12,sheet_003.jpg,3,ok,6405,1774407522026.jpg,C:\Users\uzj5150\Box\Philippines Panel\01 Panel\14 NSU Market Survey\NSU Market Survey Launch\data\pictures/1774407522026.jpg,ebc57cdbb1572cc0,20260919
13,sheet_004.jpg,0,ok,6463,1774054625168.jpg,C:\Users\uzj5150\Box\Philippines Panel\01 Panel\14 NSU Market Survey\NSU Market Survey Launch\data\pictures/1774054625168.jpg,1512f7e7ddedacec,20260919
14,sheet_004.jpg,1,ok,8882,1778288077794.jpg,C:\Users\uzj5150\Box\Philippines Panel\01 Panel\14 NSU Market Survey\NSU Market Survey Launch\data\pictures/1778288077794.jpg,03c92bbb0e70aa48,20260919
15,sheet_004.jpg,2,ok,11421,1779243080681.jpg,C:\Users\uzj5150\Box\Philippines Panel\01 Panel\14 NSU Market Survey\NSU Market Survey Launch\data\pictures/1779243080681.jpg,1b55ba64a5672eb0,20260919
16,sheet_004.jpg,3,ok,2532,1776737899434.jpg,C:\Users\uzj5150\Box\Philippines Panel\01 Panel\14 NSU Market Survey\NSU Market Survey Launch\data\pictures/1776737899434.jpg,1e1e842f2d8c53ba,20260919
17,sheet_005.jpg,0,ok,6498,1774321355224.jpg,C:\Users\uzj5150\Box\Philippines Panel\01 Panel\14 NSU Market Survey\NSU Market Survey Launch\data\pictures/1774321355224.jpg,7c4f4f3a0f0b4e74,20260919
18,sheet_005.jpg,1,ok,380,1777345381826.jpg,C:\Users\uzj5150\Box\Philippines Panel\01 Panel\14 NSU Market Survey\NSU Market Survey Launch\data\pictures/1777345381826.jpg,ed76832caadb1339,20260919
19,sheet_005.jpg,2,ok,10511,1777864638308.jpg,C:\Users\uzj5150\Box\Philippines Panel\01 Panel\14 NSU Market Survey\NSU Market Survey Launch\data\pictures/1777864638308.jpg,6727e50f661ba02d,20260919
20,sheet_005.jpg,3,ok,3887,1775787569138.jpg,C:\Users\uzj5150\Box\Philippines Panel\01 Panel\14 NSU Market Survey\NSU Market Survey Launch\data\pictures/1775787569138.jpg,426d21c995c30b5b,20260919
21,sheet_006.jpg,0,ok,763,1777598645411.jpg,C:\Users\uzj5150\Box\Philippines Panel\01 Panel\14 NSU Market Survey\NSU Market Survey Launch\data\pictures/1777598645411.jpg,00ec0de178577ad5,20260919
22,sheet_006.jpg,1,ok,10610,1777336641605.jpg,C:\Users\uzj5150\Box\Philippines Panel\01 Panel\14 NSU Market Survey\NSU Market Survey Launch\data\pictures/1777336641605.jpg,75a0997afa770476,20260919
23,sheet_006.jpg,2,ok,6202,1773810007262.jpg,C:\Users\uzj5150\Box\Philippines Panel\01 Panel\14 NSU Market Survey\NSU Market Survey Launch\data\pictures/1773810007262.jpg,f2bd5243b0ccc203,20260919
24,sheet_006.jpg,3,ok,9653,1773895333758.jpg,C:\Users\uzj5150\Box\Philippines Panel\01 Panel\14 NSU Market Survey\NSU Market Survey Launch\data\pictures/1773895333758.jpg,61c968d0c44200fd,20260919
25,sheet_007.jpg,0,ok,3479,1776910783435.jpg,C:\Users\uzj5150\Box\Philippines Panel\01 Panel\14 NSU Market Survey\NSU Market Survey Launch\data\pictures/1776910783435.jpg,8b5fbfafae46666a,20260919
26,sheet_007.jpg,1,ok,6476,1774051090174.jpg,C:\Users\uzj5150\Box\Philippines Panel\01 Panel\14 NSU Market Survey\NSU Market Survey Launch\data\pictures/1774051090174.jpg,7a38acc10d1a1265,20260919
27,sheet_007.jpg,2,ok,3696,1775613983708.jpg,C:\Users\uzj5150\Box\Philippines Panel\01 Panel\14 NSU Market Survey\NSU Market Survey Launch\data\pictures/1775613983708.jpg,8d8415198c10125b,20260919
28,sheet_007.jpg,3,ok,864,1778056525267.jpg,C:\Users\uzj5150\Box\Philippines Panel\01 Panel\14 NSU Market Survey\NSU Market Survey Launch\data\pictures/1778056525267.jpg,6c562816ecae06ce,20260919
29,sheet_008.jpg,0,ok,8837,1778290693824.jpg,C:\Users\uzj5150\Box\Philippines Panel\01 Panel\14 NSU Market Survey\NSU Market Survey Launch\data\pictures/1778290693824.jpg,d07f9896b7ab95b4,20260919
30,sheet_008.jpg,1,ok,9068,1775610644371.jpg,C:\Users\uzj5150\Box\Philippines Panel\01 Panel\14 NSU Market Survey\NSU Market Survey Launch\data\pictures/1775610644371.jpg,b854fb57f3771157,20260919
31,sheet_008.jpg,2,ok,5443,1774578054508.jpg,C:\Users\uzj5150\Box\Philippines Panel\01 Panel\14 NSU Market Survey\NSU Market Survey Launch\data\pictures/1774578054508.jpg,ae85099777867686,20260919
32,sheet_008.jpg,3,ok,9479,1773794488084.jpg,C:\Users\uzj5150\Box\Philippines Panel\01 Panel\14 NSU Market Survey\NSU Market Survey Launch\data\pictures/1773794488084.jpg,cbcfba3ce2d2f0a6,20260919
33,sheet_009.jpg,0,ok,377,1777349119131.jpg,C:\Users\uzj5150\Box\Philippines Panel\01 Panel\14 NSU Market Survey\NSU Market Survey Launch\data\pictures/1777349119131.jpg,4a8e7d17b57ee7dd,20260919
34,sheet_009.jpg,1,ok,7662,1774485508198.jpg,C:\Users\uzj5150\Box\Philippines Panel\01 Panel\14 NSU Market Survey\NSU Market Survey Launch\data\pictures/1774485508198.jpg,c8d8f60c58930fe6,20260919
35,sheet_009.jpg,2,ok,7669,1774490339878.jpg,C:\Users\uzj5150\Box\Philippines Panel\01 Panel\14 NSU Market Survey\NSU Market Survey Launch\data\pictures/1774490339878.jpg,56ac46bb1e82a566,20260919
36,sheet_009.jpg,3,ok,8503,1775699544558.jpg,C:\Users\uzj5150\Box\Philippines Panel\01 Panel\14 NSU Market Survey\NSU Market Survey Launch\data\pictures/1775699544558.jpg,7689d89537eabc76,20260919
37,sheet_010.jpg,0,ok,9995,1773730865630.jpg,C:\Users\uzj5150\Box\Philippines Panel\01 Panel\14 NSU Market Survey\NSU Market Survey Launch\data\pictures/1773730865630.jpg,fd2ffb81395db02e,20260919
38,sheet_010.jpg,1,ok,8657,1773884341657.jpg,C:\Users\uzj5150\Box\Philippines Panel\01 Panel\14 NSU Market Survey\NSU Market Survey Launch\data\pictures/1773884341657.jpg,9d36fd36013be06c,20260919
39,sheet_010.jpg,2,ok,9509,1773728678859.jpg,C:\Users\uzj5150\Box\Philippines Panel\01 Panel\14 NSU Market Survey\NSU Market Survey Launch\data\pictures/1773728678859.jpg,ff5cff69e1d7e68a,20260919
40,sheet_010.jpg,3,ok,5918,1774492836874.jpg,C:\Users\uzj5150\Box\Philippines Panel\01 Panel\14 NSU Market Survey\NSU Market Survey Launch\data\pictures/1774492836874.jpg,13f6194b25e17931,20260919
41,sheet_011.jpg,0,ok,9471,1773969164870.jpg,C:\Users\uzj5150\Box\Philippines Panel\01 Panel\14 NSU Market Survey\NSU Market Survey Launch\data\pictures/1773969164870.jpg,daa0ef19199df385,20260919
42,sheet_011.jpg,1,ok,10706,1777607182345.jpg,C:\Users\uzj5150\Box\Philippines Panel\01 Panel\14 NSU Market Survey\NSU Market Survey Launch\data\pictures/1777607182345.jpg,5341133e353dfe9d,20260919
43,sheet_011.jpg,2,ok,10707,1777606851141.jpg,C:\Users\uzj5150\Box\Philippines Panel\01 Panel\14 NSU Market Survey\NSU Market Survey Launch\data\pictures/1777606851141.jpg,4704b2eae7332e73,20260919
44,sheet_011.jpg,3,ok,5817,1774408400798.jpg,C:\Users\uzj5150\Box\Philippines Panel\01 Panel\14 NSU Market Survey\NSU Market Survey Launch\data\pictures/1774408400798.jpg,0949cd24860d7985,20260919
45,sheet_012.jpg,0,ok,6725,1778212767551.jpg,C:\Users\uzj5150\Box\Philippines Panel\01 Panel\14 NSU Market Survey\NSU Market Survey Launch\data\pictures/1778212767551.jpg,c2dbde443c40fa5e,20260919
46,sheet_012.jpg,1,ok,11054,1777266085340.jpg,C:\Users\uzj5150\Box\Philippines Panel\01 Panel\14 NSU Market Survey\NSU Market Survey Launch\data\pictures/1777266085340.jpg,d3cdc2d676ff2018,20260919
47,sheet_012.jpg,2,ok,4490,1776212909720.jpg,C:\Users\uzj5150\Box\Philippines Panel\01 Panel\14 NSU Market Survey\NSU Market Survey Launch\data\pictures/1776212909720.jpg,13d039db4b104fe3,20260919
48,sheet_012.jpg,3,ok,4843,1775879036042.jpg,C:\Users\uzj5150\Box\Philippines Panel\01 Panel\14 NSU Market Survey\NSU Market Survey Launch\data\pictures/1775879036042.jpg,137f3396fbf9b447,20260919
49,sheet_013.jpg,0,ok,370,1777353538719.jpg,C:\Users\uzj5150\Box\Philippines Panel\01 Panel\14 NSU Market Survey\NSU Market Survey Launch\data\pictures/1777353538719.jpg,4b9cc87761f4a51d,20260919
50,sheet_013.jpg,1,ok,8229,1773971621224.jpg,C:\Users\uzj5150\Box\Philippines Panel\01 Panel\14 NSU Market Survey\NSU Market Survey Launch\data\pictures/1773971621224.jpg,1658bf25e532324e,20260919
51,sheet_013.jpg,2,ok,885,1777514476584.jpg,C:\Users\uzj5150\Box\Philippines Panel\01 Panel\14 NSU Market Survey\NSU Market Survey Launch\data\pictures/1777514476584.jpg,07d44dff45ac6e90,20260919
52,sheet_013.jpg,3,ok,2460,1777082700414.jpg,C:\Users\uzj5150\Box\Philippines Panel\01 Panel\14 NSU Market Survey\NSU Market Survey Launch\data\pictures/1777082700414.jpg,9b163967a971e1d8,20260919
53,sheet_014.jpg,0,ok,11246,1777343511311.jpg,C:\Users\uzj5150\Box\Philippines Panel\01 Panel\14 NSU Market Survey\NSU Market Survey Launch\data\pictures/1777343511311.jpg,c0f2f2b1b55e1050,20260919
54,sheet_014.jpg,1,ok,2715,1776221310281.jpg,C:\Users\uzj5150\Box\Philippines Panel\01 Panel\14 NSU Market Survey\NSU Market Survey Launch\data\pictures/1776221310281.jpg,1c0ce90093d0029b,20260919
55,sheet_014.jpg,2,ok,10000,1773730426188.jpg,C:\Users\uzj5150\Box\Philippines Panel\01 Panel\14 NSU Market Survey\NSU Market Survey Launch\data\pictures/1773730426188.jpg,a934383448af4a4b,20260919
56,sheet_014.jpg,3,ok,11167,1776826496720.jpg,C:\Users\uzj5150\Box\Philippines Panel\01 Panel\14 NSU Market Survey\NSU Market Survey Launch\data\pictures/1776826496720.jpg,32b737515061b436,20260919
57,sheet_015.jpg,0,ok,5744,1774576416960.jpg,C:\Users\uzj5150\Box\Philippines Panel\01 Panel\14 NSU Market Survey\NSU Market Survey Launch\data\pictures/1774576416960.jpg,cd9dd5a209722558,20260919
58,sheet_015.jpg,1,ok,882,1777433680119.jpg,C:\Users\uzj5150\Box\Philippines Panel\01 Panel\14 NSU Market Survey\NSU Market Survey Launch\data\pictures/1777433680119.jpg,923c00d32a7e0451,20260919
59,sheet_015.jpg,2,ok,5029,1775787703757.jpg,C:\Users\uzj5150\Box\Philippines Panel\01 Panel\14 NSU Market Survey\NSU Market Survey Launch\data\pictures/1775787703757.jpg,5d484e3fb5eaca54,20260919
60,sheet_015.jpg,3,ok,9710,1773882134028.jpg,C:\Users\uzj5150\Box\Philippines Panel\01 Panel\14 NSU Market Survey\NSU Market Survey Launch\data\pictures/1773882134028.jpg,d7aa0b846cd7092c,20260919
61,sheet_016.jpg,0,ok,1186,1778118893591.jpg,C:\Users\uzj5150\Box\Philippines Panel\01 Panel\14 NSU Market Survey\NSU Market Survey Launch\data\pictures/1778118893591.jpg,8b1e81c3c66b7af5,20260919
62,sheet_016.jpg,1,ok,1195,1778120008596.jpg,C:\Users\uzj5150\Box\Philippines Panel\01 Panel\14 NSU Market Survey\NSU Market Survey Launch\data\pictures/1778120008596.jpg,7f624240c27dd0bc,20260919
63,sheet_016.jpg,2,ok,4936,1775611968774.jpg,C:\Users\uzj5150\Box\Philippines Panel\01 Panel\14 NSU Market Survey\NSU Market Survey Launch\data\pictures/1775611968774.jpg,af75e31650ca6fa4,20260919
64,sheet_016.jpg,3,ok,5305,1778545120418.jpg,C:\Users\uzj5150\Box\Philippines Panel\01 Panel\14 NSU Market Survey\NSU Market Survey Launch\data\pictures/1778545120418.jpg,efeda89a6bccaf6f,20260919
65,sheet_017.jpg,0,ok,2583,1776667143474.jpg,C:\Users\uzj5150\Box\Philippines Panel\01 Panel\14 NSU Market Survey\NSU Market Survey Launch\data\pictures/1776667143474.jpg,e1c214c6be635193,20260919
66,sheet_017.jpg,1,ok,8474,1775701177913.jpg,C:\Users\uzj5150\Box\Philippines Panel\01 Panel\14 NSU Market Survey\NSU Market Survey Launch\data\pictures/1775701177913.jpg,68301c17fbcbab6c,20260919
67,sheet_017.jpg,2,ok,10165,1774497685599.jpg,C:\Users\uzj5150\Box\Philippines Panel\01 Panel\14 NSU Market Survey\NSU Market Survey Launch\data\pictures/1774497685599.jpg,199635d431be5aad,20260919
68,sheet_017.jpg,3,ok,10714,1777604338634.jpg,C:\Users\uzj5150\Box\Philippines Panel\01 Panel\14 NSU Market Survey\NSU Market Survey Launch\data\pictures/1777604338634.jpg,529aa39ad3631a79,20260919
69,sheet_018.jpg,0,ok,10965,1776822393755.jpg,C:\Users\uzj5150\Box\Philippines Panel\01 Panel\14 NSU Market Survey\NSU Market Survey Launch\data\pictures/1776822393755.jpg,66c25c4a3cc4191a,20260919
70,sheet_018.jpg,1,ok,9799,1773969859472.jpg,C:\Users\uzj5150\Box\Philippines Panel\01 Panel\14 NSU Market Survey\NSU Market Survey Launch\data\pictures/1773969859472.jpg,9de315d320b8c936,20260919
71,sheet_018.jpg,2,ok,10047,1773721978047.jpg,C:\Users\uzj5150\Box\Philippines Panel\01 Panel\14 NSU Market Survey\NSU Market Survey Launch\data\pictures/1773721978047.jpg,aec17f52c575f35d,20260919
72,sheet_018.jpg,3,ok,9510,1773728699938.jpg,C:\Users\uzj5150\Box\Philippines Panel\01 Panel\14 NSU Market Survey\NSU Market Survey Launch\data\pictures/1773728699938.jpg,f6e6648f4bb67fc0,20260919
73,sheet_019.jpg,0,ok,4996,1775703652194.jpg,C:\Users\uzj5150\Box\Philippines Panel\01 Panel\14 NSU Market Survey\NSU Market Survey Launch\data\pictures/1775703652194.jpg,c6b730964cc242b1,20260919
74,sheet_019.jpg,1,ok,7226,1778722214887.jpg,C:\Users\uzj5150\Box\Philippines Panel\01 Panel\14 NSU Market Survey\NSU Market Survey Launch\data\pictures/1778722214887.jpg,d84a70cf1d891bbb,20260919
75,sheet_019.jpg,2,ok,2050,1776910664430.jpg,C:\Users\uzj5150\Box\Philippines Panel\01 Panel\14 NSU Market Survey\NSU Market Survey Launch\data\pictures/1776910664430.jpg,1e2b2feb5fa02033,20260919
76,sheet_019.jpg,3,ok,924,1777427847332.jpg,C:\Users\uzj5150\Box\Philippines Panel\01 Panel\14 NSU Market Survey\NSU Market Survey Launch\data\pictures/1777427847332.jpg,04d9d0238d5ebd4a,20260919
77,sheet_020.jpg,0,ok,9999,1773730396940.jpg,C:\Users\uzj5150\Box\Philippines Panel\01 Panel\14 NSU Market Survey\NSU Market Survey Launch\data\pictures/1773730396940.jpg,c5cf93c7786f7c7f,20260919
78,sheet_020.jpg,1,ok,9349,1774058611117.jpg,C:\Users\uzj5150\Box\Philippines Panel\01 Panel\14 NSU Market Survey\NSU Market Survey Launch\data\pictures/1774058611117.jpg,19df2e18d2699f69,20260919
79,sheet_020.jpg,2,ok,11108,1777508424730.jpg,C:\Users\uzj5150\Box\Philippines Panel\01 Panel\14 NSU Market Survey\NSU Market Survey Launch\data\pictures/1777508424730.jpg,60d45d5e9365e3e7,20260919
80,sheet_020.jpg,3,ok,4196,1775875357769.jpg,C:\Users\uzj5150\Box\Philippines Panel\01 Panel\14 NSU Market Survey\NSU Market Survey Launch\data\pictures/1775875357769.jpg,9172631401d751e7,20260919
81,sheet_021.jpg,0,ok,769,1777601249544.jpg,C:\Users\uzj5150\Box\Philippines Panel\01 Panel\14 NSU Market Survey\NSU Market Survey Launch\data\pictures/1777601249544.jpg,8be1ffb8165ab983,20260919
82,sheet_021.jpg,1,ok,2266,1776391488326.jpg,C:\Users\uzj5150\Box\Philippines Panel\01 Panel\14 NSU Market Survey\NSU Market Survey Launch\data\pictures/1776391488326.jpg,a30ca75332d75496,20260919
83,sheet_021.jpg,2,ok,5353,1774580053977.jpg,C:\Users\uzj5150\Box\Philippines Panel\01 Panel\14 NSU Market Survey\NSU Market Survey Launch\data\pictures/1774580053977.jpg,14ecf13043bd8cff,20260919
84,sheet_021.jpg,3,ok,2922,1776651901494.jpg,C:\Users\uzj5150\Box\Philippines Panel\01 Panel\14 NSU Market Survey\NSU Market Survey Launch\data\pictures/1776651901494.jpg,4d3cc65448657e12,20260919
85,sheet_022.jpg,0,ok,9994,1773731054952.jpg,C:\Users\uzj5150\Box\Philippines Panel\01 Panel\14 NSU Market Survey\NSU Market Survey Launch\data\pictures/1773731054952.jpg,c6af7dafae9c6eee,20260919
86,sheet_022.jpg,1,ok,71,1778207894293.jpg,C:\Users\uzj5150\Box\Philippines Panel\01 Panel\14 NSU Market Survey\NSU Market Survey Launch\data\pictures/1778207894293.jpg,d233ee43a0982ce4,20260919
87,sheet_022.jpg,2,ok,9817,1773913217221.jpg,C:\Users\uzj5150\Box\Philippines Panel\01 Panel\14 NSU Market Survey\NSU Market Survey Launch\data\pictures/1773913217221.jpg,21c629d5f91c3257,20260919
88,sheet_022.jpg,3,ok,9424,1773724826947.jpg,C:\Users\uzj5150\Box\Philippines Panel\01 Panel\14 NSU Market Survey\NSU Market Survey Launch\data\pictures/1773724826947.jpg,6ace8f56018f8b96,20260919
89,sheet_023.jpg,0,ok,4311,1776219058341.jpg,C:\Users\uzj5150\Box\Philippines Panel\01 Panel\14 NSU Market Survey\NSU Market Survey Launch\data\pictures/1776219058341.jpg,e07ce08b1c5474c9,20260919
90,sheet_023.jpg,1,ok,4234,1779166361997.jpg,C:\Users\uzj5150\Box\Philippines Panel\01 Panel\14 NSU Market Survey\NSU Market Survey Launch\data\pictures/1779166361997.jpg,7051226c849a9a19,20260919
91,sheet_023.jpg,2,ok,9045,1775521072842.jpg,C:\Users\uzj5150\Box\Philippines Panel\01 Panel\14 NSU Market Survey\NSU Market Survey Launch\data\pictures/1775521072842.jpg,f0773ee7acb8240a,20260919
92,sheet_023.jpg,3,ok,10269,1774669586277.jpg,C:\Users\uzj5150\Box\Philippines Panel\01 Panel\14 NSU Market Survey\NSU Market Survey Launch\data\pictures/1774669586277.jpg,b2ffa0df187d5e35,20260919
93,sheet_024.jpg,0,ok,7843,1778834502177.jpg,C:\Users\uzj5150\Box\Philippines Panel\01 Panel\14 NSU Market Survey\NSU Market Survey Launch\data\pictures/1778834502177.jpg,cd8ae522403d8aa8,20260919
94,sheet_024.jpg,1,ok,10964,1776828515542.jpg,C:\Users\uzj5150\Box\Philippines Panel\01 Panel\14 NSU Market Survey\NSU Market Survey Launch\data\pictures/1776828515542.jpg,6c090770487070d1,20260919
95,sheet_024.jpg,2,ok,8405,1775703101721.jpg,C:\Users\uzj5150\Box\Philippines Panel\01 Panel\14 NSU Market Survey\NSU Market Survey Launch\data\pictures/1775703101721.jpg,c9f3985339b64dcf,20260919
96,sheet_024.jpg,3,ok,8515,1775706189553.jpg,C:\Users\uzj5150\Box\Philippines Panel\01 Panel\14 NSU Market Survey\NSU Market Survey Launch\data\pictures/1775706189553.jpg,d99d5728885c0b46,20260919
97,sheet_025.jpg,0,ok,375,1777264173054.jpg,C:\Users\uzj5150\Box\Philippines Panel\01 Panel\14 NSU Market Survey\NSU Market Survey Launch\data\pictures/1777264173054.jpg,dc500698fd8ee938,20260919
98,sheet_025.jpg,1,ok,2709,1776222301469.jpg,C:\Users\uzj5150\Box\Philippines Panel\01 Panel\14 NSU Market Survey\NSU Market Survey Launch\data\pictures/1776222301469.jpg,ef3f051ff97584d7,20260919
99,sheet_025.jpg,2,ok,5730,1774578273239.jpg,C:\Users\uzj5150\Box\Philippines Panel\01 Panel\14 NSU Market Survey\NSU Market Survey Launch\data\pictures/1774578273239.jpg,d34bf66dc2d4a2fa,20260919
100,sheet_025.jpg,3,ok,8364,1775702946856.jpg,C:\Users\uzj5150\Box\Philippines Panel\01 Panel\14 NSU Market Survey\NSU Market Survey Launch\data\pictures/1775702946856.jpg,ccfcb4c3407bc580,20260919
101,sheet_026.jpg,0,ok,9790,1773880892030.jpg,C:\Users\uzj5150\Box\Philippines Panel\01 Panel\14 NSU Market Survey\NSU Market Survey Launch\data\pictures/1773880892030.jpg,79659566ef7d4a2b,20260919
102,sheet_026.jpg,1,ok,9461,1773796774872.jpg,C:\Users\uzj5150\Box\Philippines Panel\01 Panel\14 NSU Market Survey\NSU Market Survey Launch\data\pictures/1773796774872.jpg,1e161f721c2b6170,20260919
103,sheet_026.jpg,2,ok,1787,1776737620980.jpg,C:\Users\uzj5150\Box\Philippines Panel\01 Panel\14 NSU Market Survey\NSU Market Survey Launch\data\pictures/1776737620980.jpg,ca03e1591fa3e424,20260919
104,sheet_026.jpg,3,ok,8120,1776039897386.jpg,C:\Users\uzj5150\Box\Philippines Panel\01 Panel\14 NSU Market Survey\NSU Market Survey Launch\data\pictures/1776039897386.jpg,67e53a3c0daf85e0,20260919
105,sheet_027.jpg,0,ok,5232,1776038087348.jpg,C:\Users\uzj5150\Box\Philippines Panel\01 Panel\14 NSU Market Survey\NSU Market Survey Launch\data\pictures/1776038087348.jpg,e53a4803b5b18560,20260919
106,sheet_027.jpg,1,ok,8808,1775711210556.jpg,C:\Users\uzj5150\Box\Philippines Panel\01 Panel\14 NSU Market Survey\NSU Market Survey Launch\data\pictures/1775711210556.jpg,d1b2a5081625428c,20260919
107,sheet_027.jpg,2,ok,5375,1774576272386.jpg,C:\Users\uzj5150\Box\Philippines Panel\01 Panel\14 NSU Market Survey\NSU Market Survey Launch\data\pictures/1774576272386.jpg,f55701e1037c8210,20260919
108,sheet_027.jpg,3,ok,7824,1773890407581.jpg,C:\Users\uzj5150\Box\Philippines Panel\01 Panel\14 NSU Market Survey\NSU Market Survey Launch\data\pictures/1773890407581.jpg,ecb87f1f90afb436,20260919
109,sheet_028.jpg,0,ok,2535,1776665292134.jpg,C:\Users\uzj5150\Box\Philippines Panel\01 Panel\14 NSU Market Survey\NSU Market Survey Launch\data\pictures/1776665292134.jpg,eda17d772108f2e8,20260919
110,sheet_028.jpg,1,ok,2712,1776310607687.jpg,C:\Users\uzj5150\Box\Philippines Panel\01 Panel\14 NSU Market Survey\NSU Market Survey Launch\data\pictures/1776310607687.jpg,134c461f1f3b1a0c,20260919
111,sheet_028.jpg,2,ok,7487,1774070796560.jpg,C:\Users\uzj5150\Box\Philippines Panel\01 Panel\14 NSU Market Survey\NSU Market Survey Launch\data\pictures/1774070796560.jpg,aff3793f70c8b9d4,20260919
112,sheet_028.jpg,3,ok,4881,1776045945900.jpg,C:\Users\uzj5150\Box\Philippines Panel\01 Panel\14 NSU Market Survey\NSU Market Survey Launch\data\pictures/1776045945900.jpg,604b7ddcdad5084c,20260919
113,sheet_029.jpg,0,ok,8435,1775696058786.jpg,C:\Users\uzj5150\Box\Philippines Panel\01 Panel\14 NSU Market Survey\NSU Market Survey Launch\data\pictures/1775696058786.jpg,77add66455360f6f,20260919
114,sheet_029.jpg,1,ok,601,1777598389404.jpg,C:\Users\uzj5150\Box\Philippines Panel\01 Panel\14 NSU Market Survey\NSU Market Survey Launch\data\pictures/1777598389404.jpg,d77f6757bdebc0e0,20260919
115,sheet_029.jpg,2,ok,4312,1776219074931.jpg,C:\Users\uzj5150\Box\Philippines Panel\01 Panel\14 NSU Market Survey\NSU Market Survey Launch\data\pictures/1776219074931.jpg,5168b094b879af75,20260919
116,sheet_029.jpg,3,ok,11053,1777266059884.jpg,C:\Users\uzj5150\Box\Philippines Panel\01 Panel\14 NSU Market Survey\NSU Market Survey Launch\data\pictures/1777266059884.jpg,128e953b5303e933,20260919
117,sheet_030.jpg,0,ok,8354,1775702195248.jpg,C:\Users\uzj5150\Box\Philippines Panel\01 Panel\14 NSU Market Survey\NSU Market Survey Launch\data\pictures/1775702195248.jpg,9668a8a1acf848d9,20260919
118,sheet_030.jpg,1,ok,1184,1778034821033.jpg,C:\Users\uzj5150\Box\Philippines Panel\01 Panel\14 NSU Market Survey\NSU Market Survey Launch\data\pictures/1778034821033.jpg,76490bfda1928fc1,20260919
119,sheet_030.jpg,2,ok,7639,1774487698787.jpg,C:\Users\uzj5150\Box\Philippines Panel\01 Panel\14 NSU Market Survey\NSU Market Survey Launch\data\pictures/1774487698787.jpg,21b3fd51530ed45f,20260919
120,sheet_030.jpg,3,ok,4976,1775703565165.jpg,C:\Users\uzj5150\Box\Philippines Panel\01 Panel\14 NSU Market Survey\NSU Market Survey Launch\data\pictures/1775703565165.jpg,8ed2e251a480239f,20260919
121,sheet_031.jpg,0,ok,683,1777694696097.jpg,C:\Users\uzj5150\Box\Philippines Panel\01 Panel\14 NSU Market Survey\NSU Market Survey Launch\data\pictures/1777694696097.jpg,67becbf1a9a9a2cf,20260919
122,sheet_031.jpg,1,ok,5184,1775866549083.jpg,C:\Users\uzj5150\Box\Philippines Panel\01 Panel\14 NSU Market Survey\NSU Market Survey Launch\data\pictures/1775866549083.jpg,d17482a0c551c303,20260919
123,sheet_031.jpg,2,ok,8027,1775885893833.jpg,C:\Users\uzj5150\Box\Philippines Panel\01 Panel\14 NSU Market Survey\NSU Market Survey Launch\data\pictures/1775885893833.jpg,a37ccebbc85b90b5,20260919
124,sheet_031.jpg,3,ok,6345,1774401432433.jpg,C:\Users\uzj5150\Box\Philippines Panel\01 Panel\14 NSU Market Survey\NSU Market Survey Launch\data\pictures/1774401432433.jpg,6914f55c9638fde4,20260919
125,sheet_032.jpg,0,ok,10167,1774403002013.jpg,C:\Users\uzj5150\Box\Philippines Panel\01 Panel\14 NSU Market Survey\NSU Market Survey Launch\data\pictures/1774403002013.jpg,93e2e9625a491c9b,20260919
126,sheet_032.jpg,1,ok,5077,1773710954464.jpg,C:\Users\uzj5150\Box\Philippines Panel\01 Panel\14 NSU Market Survey\NSU Market Survey Launch\data\pictures/1773710954464.jpg,7e931c8deb30e4f8,20260919
127,sheet_032.jpg,2,ok,9571,1773881530966.jpg,C:\Users\uzj5150\Box\Philippines Panel\01 Panel\14 NSU Market Survey\NSU Market Survey Launch\data\pictures/1773881530966.jpg,a0922aa81f0ad18b,20260919
128,sheet_032.jpg,3,ok,7667,1774485582179.jpg,C:\Users\uzj5150\Box\Philippines Panel\01 Panel\14 NSU Market Survey\NSU Market Survey Launch\data\pictures/1774485582179.jpg,19decaa1734391a5,20260919
129,sheet_033.jpg,0,ok,7851,1773890829632.jpg,C:\Users\uzj5150\Box\Philippines Panel\01 Panel\14 NSU Market Survey\NSU Market Survey Launch\data\pictures/1773890829632.jpg,a9611eda3d748e2f,20260919
130,sheet_033.jpg,1,ok,4233,1779166704428.jpg,C:\Users\uzj5150\Box\Philippines Panel\01 Panel\14 NSU Market Survey\NSU Market Survey Launch\data\pictures/1779166704428.jpg,8459986a09c2ba13,20260919
131,sheet_033.jpg,2,ok,9668,1773897368621.jpg,C:\Users\uzj5150\Box\Philippines Panel\01 Panel\14 NSU Market Survey\NSU Market Survey Launch\data\pictures/1773897368621.jpg,8e7b0d8d8b488d99,20260919
132,sheet_033.jpg,3,ok,5181,1775866955885.jpg,C:\Users\uzj5150\Box\Philippines Panel\01 Panel\14 NSU Market Survey\NSU Market Survey Launch\data\pictures/1775866955885.jpg,538c5583615a7641,20260919
133,sheet_034.jpg,0,ok,6192,1773801717143.jpg,C:\Users\uzj5150\Box\Philippines Panel\01 Panel\14 NSU Market Survey\NSU Market Survey Launch\data\pictures/1773801717143.jpg,cc2391f727a0e5a0,20260919
134,sheet_034.jpg,1,ok,2932,1776652488011.jpg,C:\Users\uzj5150\Box\Philippines Panel\01 Panel\14 NSU Market Survey\NSU Market Survey Launch\data\pictures/1776652488011.jpg,5b77d7477c265d7a,20260919
135,sheet_034.jpg,2,ok,2449,1776995378158.jpg,C:\Users\uzj5150\Box\Philippines Panel\01 Panel\14 NSU Market Survey\NSU Market Survey Launch\data\pictures/1776995378158.jpg,ea90c80c05b76ee7,20260919
136,sheet_034.jpg,3,ok,3593,1778894594967.jpg,C:\Users\uzj5150\Box\Philippines Panel\01 Panel\14 NSU Market Survey\NSU Market Survey Launch\data\pictures/1778894594967.jpg,4840ebed716dcd71,20260919
137,sheet_035.jpg,0,ok,110,1778117239723.jpg,C:\Users\uzj5150\Box\Philippines Panel\01 Panel\14 NSU Market Survey\NSU Market Survey Launch\data\pictures/1778117239723.jpg,a67f9af7f642c2da,20260919
138,sheet_035.jpg,1,ok,7051,1774057127341.jpg,C:\Users\uzj5150\Box\Philippines Panel\01 Panel\14 NSU Market Survey\NSU Market Survey Launch\data\pictures/1774057127341.jpg,ad5ad9952a1d0a2a,20260919
139,sheet_035.jpg,2,ok,406,1777347876752.jpg,C:\Users\uzj5150\Box\Philippines Panel\01 Panel\14 NSU Market Survey\NSU Market Survey Launch\data\pictures/1777347876752.jpg,973e48cfcb5c4a63,20260919
140,sheet_035.jpg,3,ok,9460,1773723476270.jpg,C:\Users\uzj5150\Box\Philippines Panel\01 Panel\14 NSU Market Survey\NSU Market Survey Launch\data\pictures/1773723476270.jpg,f2c7cedaff38d7de,20260919
141,sheet_036.jpg,0,ok,2403,1776469815820.jpg,C:\Users\uzj5150\Box\Philippines Panel\01 Panel\14 NSU Market Survey\NSU Market Survey Launch\data\pictures/1776469815820.jpg,90b3a867e14efa5e,20260919
142,sheet_036.jpg,1,ok,4495,1776215627192.jpg,C:\Users\uzj5150\Box\Philippines Panel\01 Panel\14 NSU Market Survey\NSU Market Survey Launch\data\pictures/1776215627192.jpg,d44fafc15988502e,20260919
143,sheet_036.jpg,2,ok,2921,1776737593157.jpg,C:\Users\uzj5150\Box\Philippines Panel\01 Panel\14 NSU Market Survey\NSU Market Survey Launch\data\pictures/1776737593157.jpg,51f862bb6d7b3120,20260919
144,sheet_036.jpg,3,ok,4935,1775527493887.jpg,C:\Users\uzj5150\Box\Philippines Panel\01 Panel\14 NSU Market Survey\NSU Market Survey Launch\data\pictures/1775527493887.jpg,ef2817c3c53321e5,20260919
145,sheet_037.jpg,0,ok,8509,1775781268847.jpg,C:\Users\uzj5150\Box\Philippines Panel\01 Panel\14 NSU Market Survey\NSU Market Survey Launch\data\pictures/1775781268847.jpg,8a1528449563e51a,20260919
146,sheet_037.jpg,1,ok,5617,1774403634472.jpg,C:\Users\uzj5150\Box\Philippines Panel\01 Panel\14 NSU Market Survey\NSU Market Survey Launch\data\pictures/1774403634472.jpg,ab1b9fc429f357a7,20260919
147,sheet_037.jpg,2,ok,4475,1776137969380.jpg,C:\Users\uzj5150\Box\Philippines Panel\01 Panel\14 NSU Market Survey\NSU Market Survey Launch\data\pictures/1776137969380.jpg,9972a36f9969c6ea,20260919
148,sheet_037.jpg,3,ok,3207,1776821966687.jpg,C:\Users\uzj5150\Box\Philippines Panel\01 Panel\14 NSU Market Survey\NSU Market Survey Launch\data\pictures/1776821966687.jpg,13d39f83b487fb63,20260919
