item,label,harmonized_nsu_unit,fold_verdict,dimension,n,median_g
beef,half,half,identity(ungrouped),?,2,517.5
beef,intestine,intestine,identity(ungrouped),?,1,2060.0
beef,bilog,pieces or units,safe-fold,?,5,1230.0
beer,case,case,identity(ungrouped),?,2,4440.0
cabbage,2 kapinutos nga cabbage/20pesos,2 kapinutos nga cabbage/20pesos,identity(ungrouped),?,4,305.0
cabbage,3 for 25 pesos (putos),3 for 25 pesos (putos),identity(ungrouped),?,4,442.5
cabbage,half,half,identity(ungrouped),?,14,275.0
cabbage,pack,pack,keep-separate,?,47,150.0
cabbage,pack 25 per pack in the market,pack 25 per pack in the market,identity(ungrouped),?,5,290.0
cabbage,bilog,pieces or units,safe-fold,?,1136,647.5
cabbage,binilog,pieces or units,safe-fold,?,162,722.5
cabbage,pieces or units,pieces or units,safe-fold,?,12,407.5
cabbage,putos (mix vegetable),putos (mix vegetable),identity(ungrouped),?,34,162.5
cabbage,sliced,sliced,identity(ungrouped),?,2,65.0
cabbage,small packs,small packs,fold(untested/minor-flag),?,5,190.0
camote,bilog,bilog,kept-separate(low-confidence weight test),?,511,145.0
camote,binilog,binilog,kept-separate(low-confidence weight test),?,56,130.0
camote,small packs,small packs,fold(untested/minor-flag),?,7,180.0
camote,tumpok,tumpok,safe-fold,?,17,1065.0
camote tops,2bond,2bond,identity(ungrouped),?,4,375.0
camote tops,3bugkos,3bugkos,keep-separate,?,4,570.0
camote tops,bugkos,bugkos,keep-separate,?,449,205.0
camote tops,bundle,bundle,keep-separate,?,102,497.5
carrot,10,10,identity(ungrouped),?,3,145.0
carrot,pack,pack,keep-separate,?,4,87.5
carrot,bilog,pieces or units,safe-fold,?,1031,135.0
carrot,binilog,pieces or units,safe-fold,?,131,145.0
carrot,pieces or units,pieces or units,safe-fold,?,14,122.5
carrot,putos (mix vegetable),putos (mix vegetable),identity(ungrouped),?,13,160.0
chicken,bilog,bilog,reassigned-separate(item-specific),?,233,1095.0
chicken,chicken wings,chicken wings,identity(ungrouped),?,1,15.0
chicken,pack,pack,keep-separate,?,4,1347.5
chicken,patupa,patupa,identity(ungrouped),?,3,935.0
chicken,pieces of fried chicken,pieces of fried chicken,identity(ungrouped),?,4,50.0
chicken,binilog,pieces or units,safe-fold,?,88,380.0
chicken,pieces or units,pieces or units,safe-fold,?,13,270.0
chicken,piraso,pieces or units,safe-fold,?,8,537.5
chicken,slice,slice,identity(ungrouped),?,14,242.5
chicken,whole (chicken),whole (chicken),fold(untested/minor-flag),?,476,1120.0
"crackers, cookies, buiscuits, chips/curls",balde,balde,identity(ungrouped),?,9,1500.0
"crackers, cookies, buiscuits, chips/curls",big can,big can,identity(ungrouped),?,5,1400.0
"crackers, cookies, buiscuits, chips/curls",bucket,bucket,identity(ungrouped),?,2,1065.0
"crackers, cookies, buiscuits, chips/curls",pack,pack,keep-separate,?,63,300.0
"crackers, cookies, buiscuits, chips/curls",bilog,pieces or units,safe-fold,?,406,32.0
"crackers, cookies, buiscuits, chips/curls",binilog,pieces or units,safe-fold,?,90,31.5
"crackers, cookies, buiscuits, chips/curls",pieces or units,pieces or units,safe-fold,?,10,40.0
"crackers, cookies, buiscuits, chips/curls",putos,putos,keep-separate,?,500,160.0
fresh fish,pack,pack,keep-separate,?,29,620.0
fresh fish,bilog,pieces or units,safe-fold,?,599,377.5
fresh fish,binilog,pieces or units,safe-fold,?,99,435.0
fresh fish,pinutos / plastic,pinutos / plastic,identity(ungrouped),?,4,347.5
fresh fish,tumpok,tumpok,safe-fold,?,25,750.0
"ice cream, sorbet, edible ice (eg., ice-lolli, halo-halo)",bowl,bowl,identity(ungrouped),?,3,720.0
"ice cream, sorbet, edible ice (eg., ice-lolli, halo-halo)",cone,cone,identity(ungrouped),?,40,110.0
"ice cream, sorbet, edible ice (eg., ice-lolli, halo-halo)",container,container,identity(ungrouped),?,3,950.0
"ice cream, sorbet, edible ice (eg., ice-lolli, halo-halo)",gallon,gallons,safe-fold,?,5,950.0
"ice cream, sorbet, edible ice (eg., ice-lolli, halo-halo)",pack,pack,keep-separate,?,10,525.0
"ice cream, sorbet, edible ice (eg., ice-lolli, halo-halo)",bilog,pieces or units,safe-fold,?,221,85.0
"ice cream, sorbet, edible ice (eg., ice-lolli, halo-halo)",binilog,pieces or units,safe-fold,?,37,100.0
"ice cream, sorbet, edible ice (eg., ice-lolli, halo-halo)",pieces or units,pieces or units,safe-fold,?,4,97.5
"ice cream, sorbet, edible ice (eg., ice-lolli, halo-halo)",piraso,pieces or units,safe-fold,?,2,46.5
"ice cream, sorbet, edible ice (eg., ice-lolli, halo-halo)",plastic cup,plastic cup,identity(ungrouped),?,1,485.0
"ice cream, sorbet, edible ice (eg., ice-lolli, halo-halo)",putos,putos,keep-separate,?,231,60.0
"ice cream, sorbet, edible ice (eg., ice-lolli, halo-halo)",small cup,small cup,fold(untested/minor-flag),?,305,100.0
"ice cream, sorbet, edible ice (eg., ice-lolli, halo-halo)",tub,tub,identity(ungrouped),?,10,1000.0
"ice cream, sorbet, edible ice (eg., ice-lolli, halo-halo)",tupperware,tupperware,identity(ungrouped),?,5,700.0
"liquor (e.g, whisky, coconut wine)",6 bottles of redhorse,6 bottles of redhorse,identity(ungrouped),?,3,330.0
"liquor (e.g, whisky, coconut wine)",baso,baso,identity(ungrouped),?,1,750.0
"liquor (e.g, whisky, coconut wine)",gin,gin,identity(ungrouped),?,3,350.0
"liquor (e.g, whisky, coconut wine)",junior lapad,junior lapad,identity(ungrouped),?,9,250.0
"liquor (e.g, whisky, coconut wine)",lipid / lapad,lipid/lapad,safe-fold,?,622,375.0
"liquor (e.g, whisky, coconut wine)",long-neck,long-neck,safe-fold,?,487,750.0
loaf bread,individual,individual,identity(ungrouped),?,1,60.0
loaf bread,large packs,large packs,safe-fold,?,411,640.0
loaf bread,medium packs,medium packs,safe-fold,?,352,450.0
loaf bread,small packs,small packs,fold(untested/minor-flag),?,260,360.0
loaf bread,tama-tama nga putos,tama-tama nga putos,identity(ungrouped),?,25,450.0
mango,"papaya, mango, banana","papaya, mango, banana",identity(ungrouped),?,4,702.5
mango,bilog,pieces or units,safe-fold,?,408,230.0
mango,binilog,pieces or units,safe-fold,?,132,230.0
"mineral or spring water, all drinking water sold in containers",container,container,identity(ungrouped),?,1,1000.0
"mineral or spring water, all drinking water sold in containers",distilled water,distilled water,identity(ungrouped),?,1,
"mineral or spring water, all drinking water sold in containers",refilled,refilled,identity(ungrouped),?,4,1000.0
pork,1 order,1 order,identity(ungrouped),?,2,1562.5
pork,1 serve,1 serve,identity(ungrouped),?,1,515.0
pork,2 slice,2 slice,identity(ungrouped),?,2,87.5
pork,pieces or units,pieces or units,safe-fold,?,15,265.0
pork,slice,slice,identity(ungrouped),?,4,425.0
pork,stick,stick,identity(ungrouped),?,1,25.0
"prawns, lobster, shrimp",cup,cup,identity(ungrouped),?,3,147.5
"prawns, lobster, shrimp",pack,pack,keep-separate,?,3,30.0
"prawns, lobster, shrimp",pieces or units,pieces or units,safe-fold,?,4,15.0
"prawns, lobster, shrimp",tumpok,tumpok,safe-fold,?,150,260.0
"preserved or processed meat (tocino, tapa, longaniza, etc)",bilog,bilog,reassigned-separate(item-specific),?,232,220.0
"preserved or processed meat (tocino, tapa, longaniza, etc)",lata,cans,safe-fold,?,96,155.0
"preserved or processed meat (tocino, tapa, longaniza, etc)",pack,pack,keep-separate,?,90,250.0
"preserved or processed meat (tocino, tapa, longaniza, etc)",binilog,pieces or units,safe-fold,?,42,67.5
"preserved or processed meat (tocino, tapa, longaniza, etc)",putos,putos,keep-separate,?,491,250.0
"preserved or processed meat (tocino, tapa, longaniza, etc)",role,role,identity(ungrouped),?,1,250.0
rice,ganta,gantang,safe-fold,?,28,2245.0
rice,letse,letse,safe-fold,?,3,425.0
rice,sack of rice,sack of rice,identity(ungrouped),?,3,2500.0
rice,salmon,salmon,safe-fold,?,21,410.0
